Период: 01.01.2026-20.03.2026;;;;;;;;;;;;;;;
ID начисления;Дата начисления;Группа услуг;Тип начисления;Артикул;SKU;Название товара;Количество;Цена продавца;Дата принятия заказа в обработку или оказания услуги;Платформа продажи;Схема работы;Вознаграждение Ozon, %;Индекс локализации, %;Среднее время доставки, часы;Сумма итого, руб.
88782520-0111-1;02.01.2026;Услуги доставки;Обработка отправления Drop-off (ПВЗ);DU-02G;1433885370;Порох Храм неба 500 гр зеленый чай;1;1 277,00 ?;23.12.2025;Ozon;FBS;35%;;;-10,00 ?
88782520-0111-1;02.01.2026;Услуги доставки;Логистика;DU-02G;1433885370;Порох Храм неба 500 гр зеленый чай;1;1 277,00 ?;23.12.2025;Ozon;FBS;35%;;;-99,64 ?
88782520-0111-1;02.01.2026;Продажи;Выручка;DU-02G;1433885370;Порох Храм неба 500 гр зеленый чай;1;1 277,00 ?;23.12.2025;Ozon;FBS;0%;;;798,29 ?
88782520-0111-1;02.01.2026;Продажи;Программы партнёров;DU-02G;1433885370;Порох Храм неба 500 гр зеленый чай;1;1 277,00 ?;23.12.2025;Ozon;FBS;0%;;;7,98 ?
88782520-0111-1;02.01.2026;Продажи;Баллы за скидки;DU-02G;1433885370;Порох Храм неба 500 гр зеленый чай;1;1 277,00 ?;23.12.2025;Ozon;FBS;0%;;;470,73
88782520-0111-1;02.01.2026;Вознаграждение Ozon;Вознаграждение за продажу;DU-02G;1433885370;Порох Храм неба 500 гр зеленый чай;1;1 277,00 ?;23.12.2025;Ozon;FBS;35%;;;-446,95 ?
88782520-0111-1;02.01.2026;Услуги партнёров;Обработка отправления Drop-off партнёрами (АПВЗ);DU-02G;1433885370;Порох Храм неба 500 гр зеленый чай;1;1 277,00 ?;23.12.2025;Ozon;FBS;35%;;;-20,00 ?
88782520-0111-1;02.01.2026;Услуги партнёров;Доставка до места выдачи;DU-02G;1433885370;Порох Храм неба 500 гр зеленый чай;1;1 277,00 ?;23.12.2025;Ozon;FBS;35%;;;-6,58 ?
88782520-0111-1;02.01.2026;Другие услуги и штрафы;Обработка операционных ошибок продавца: отгрузка в нерекомендованный слот;;;;0;0,00 ?;23.12.2025;;;0%;;;-100,00 ?
88782520-0111-1;02.01.2026;Услуги партнёров;Звёздные товары;DU-02G;1433885370;Порох Храм неба 500 гр зеленый чай;1;0,00 ?;23.12.2025;Ozon;FBS;0%;;;-6,39 ?
57279769-0272;04.01.2026;Услуги партнёров;Эквайринг;DU-42C-1;1429370337;Зеленый кактус 1 кг зеленый чай с лепестками кактуса и натуральным карамельно-дынным ароматом;1;0,00 ?;04.01.2026;;;0%;;;-54,88 ?
15186171-0258;05.01.2026;Услуги партнёров;Эквайринг;DU-05C-1;1427578058;Эрл грей зеленый 1 кг с бергамотом;1;0,00 ?;05.01.2026;;;0%;;;-39,38 ?
0141113820-0134-1;06.01.2026;Услуги доставки;Обработка отправления Drop-off (ПВЗ);DU-42C;1429362371;Чай зеленый листовой Зеленый кактус 500 г, Душистый уголок. Крупнолистовой чай с лепестками кактуса, карамелью и дыней, рассыпной.;1;0,00 ?;27.11.2025;Ozon;FBS;0%;;;-10,00 ?
0141113820-0134-1;06.01.2026;Услуги доставки;Логистика;DU-42C;1429362371;Чай зеленый листовой Зеленый кактус 500 г, Душистый уголок. Крупнолистовой чай с лепестками кактуса, карамелью и дыней, рассыпной.;1;0,00 ?;27.11.2025;Ozon;FBS;0%;;;-98,00 ?
0141113820-0134-1;06.01.2026;Услуги партнёров;Обработка отправления Drop-off партнёрами (АПВЗ);DU-42C;1429362371;Чай зеленый листовой Зеленый кактус 500 г, Душистый уголок. Крупнолистовой чай с лепестками кактуса, карамелью и дыней, рассыпной.;1;0,00 ?;27.11.2025;Ozon;FBS;0%;;;-20,00 ?
0141113820-0134-1;06.01.2026;Услуги партнёров;Доставка до места выдачи;DU-42C;1429362371;Чай зеленый листовой Зеленый кактус 500 г, Душистый уголок. Крупнолистовой чай с лепестками кактуса, карамелью и дыней, рассыпной.;1;0,00 ?;27.11.2025;Ozon;FBS;0%;;;-18,08 ?
0141113820-0134-1;06.01.2026;Услуги доставки;Обработка отменённых и невостребованных товаров;DU-42C;1429362371;Чай зеленый листовой Зеленый кактус 500 г, Душистый уголок. Крупнолистовой чай с лепестками кактуса, карамелью и дыней, рассыпной.;1;0,00 ?;27.11.2025;Ozon;FBS;0%;;;0,00 ?
0141113820-0134-1;06.01.2026;Услуги доставки;Обратная логистика;DU-42C;1429362371;Чай зеленый листовой Зеленый кактус 500 г, Душистый уголок. Крупнолистовой чай с лепестками кактуса, карамелью и дыней, рассыпной.;1;0,00 ?;27.11.2025;Ozon;FBS;0%;;;-98,00 ?
;07.01.2026;Продвижение и реклама;Баллы за отзывы;;;;0;0,00 ?;07.01.2026;;;0%;;;-219,60 ?
63350396-0350;08.01.2026;Услуги партнёров;Эквайринг;DU-22B;1424160604;Каркаде 500 гр чай из лепестков суданской розы (гибискус);1;0,00 ?;08.01.2026;;;0%;;;-16,14 ?
06829356-0260;08.01.2026;Услуги партнёров;Эквайринг;DU-40A;1422564905;Сказки Шахерезады 500 гр смесь чёрного и зелёного чая с лепестками цветов и натуральным ароматом маракуйи и клубники;1;0,00 ?;08.01.2026;;;0%;;;-8,11 ?
19822834-0744;09.01.2026;Услуги партнёров;Эквайринг;DU-23F;1434275615;Ройбуш Крем-карамель 500 гр;1;0,00 ?;09.01.2026;;;0%;;;-28,10 ?
11225534-0119;13.01.2026;Услуги партнёров;Эквайринг;DU-22B;1424160604;Каркаде 500 гр чай из лепестков суданской розы (гибискус);1;0,00 ?;13.01.2026;;;0%;;;-15,33 ?
06829356-0260-3;15.01.2026;Услуги доставки;Обработка отправления Drop-off (ПВЗ);DU-40A;1422564905;Сказки Шахерезады 500 гр смесь чёрного и зелёного чая с лепестками цветов и натуральным ароматом маракуйи и клубники;1;2 057,00 ?;08.01.2026;Ozon;FBS;35%;;;-10,00 ?
06829356-0260-3;15.01.2026;Услуги доставки;Логистика;DU-40A;1422564905;Сказки Шахерезады 500 гр смесь чёрного и зелёного чая с лепестками цветов и натуральным ароматом маракуйи и клубники;1;2 057,00 ?;08.01.2026;Ozon;FBS;35%;;;-99,64 ?
06829356-0260-3;15.01.2026;Продажи;Выручка;DU-40A;1422564905;Сказки Шахерезады 500 гр смесь чёрного и зелёного чая с лепестками цветов и натуральным ароматом маракуйи и клубники;1;2 057,00 ?;08.01.2026;Ozon;FBS;0%;;;1 510,58 ?
06829356-0260-3;15.01.2026;Продажи;Программы партнёров;DU-40A;1422564905;Сказки Шахерезады 500 гр смесь чёрного и зелёного чая с лепестками цветов и натуральным ароматом маракуйи и клубники;1;2 057,00 ?;08.01.2026;Ozon;FBS;0%;;;0,00 ?
06829356-0260-3;15.01.2026;Продажи;Баллы за скидки;DU-40A;1422564905;Сказки Шахерезады 500 гр смесь чёрного и зелёного чая с лепестками цветов и натуральным ароматом маракуйи и клубники;1;2 057,00 ?;08.01.2026;Ozon;FBS;0%;;;546,42
06829356-0260-3;15.01.2026;Вознаграждение Ozon;Вознаграждение за продажу;DU-40A;1422564905;Сказки Шахерезады 500 гр смесь чёрного и зелёного чая с лепестками цветов и натуральным ароматом маракуйи и клубники;1;2 057,00 ?;08.01.2026;Ozon;FBS;35%;;;-719,95 ?
06829356-0260-3;15.01.2026;Услуги партнёров;Обработка отправления Drop-off партнёрами (АПВЗ);DU-40A;1422564905;Сказки Шахерезады 500 гр смесь чёрного и зелёного чая с лепестками цветов и натуральным ароматом маракуйи и клубники;1;2 057,00 ?;08.01.2026;Ozon;FBS;35%;;;-20,00 ?
06829356-0260-3;15.01.2026;Другие услуги и штрафы;Обработка операционных ошибок продавца: отгрузка в нерекомендованный слот;;;;0;0,00 ?;08.01.2026;;;0%;;;-100,00 ?
15186171-0258-1;15.01.2026;Услуги доставки;Обработка отправления Drop-off (ПВЗ);DU-05C-1;1427578058;Эрл грей зеленый 1 кг с бергамотом;1;3 275,00 ?;05.01.2026;Ozon;FBS;35%;;;-10,00 ?
15186171-0258-1;15.01.2026;Услуги доставки;Логистика;DU-05C-1;1427578058;Эрл грей зеленый 1 кг с бергамотом;1;3 275,00 ?;05.01.2026;Ozon;FBS;35%;;;-141,33 ?
15186171-0258-1;15.01.2026;Продажи;Выручка;DU-05C-1;1427578058;Эрл грей зеленый 1 кг с бергамотом;1;3 275,00 ?;05.01.2026;Ozon;FBS;0%;;;2 072,38 ?
15186171-0258-1;15.01.2026;Продажи;Программы партнёров;DU-05C-1;1427578058;Эрл грей зеленый 1 кг с бергамотом;1;3 275,00 ?;05.01.2026;Ozon;FBS;0%;;;20,72 ?
15186171-0258-1;15.01.2026;Продажи;Баллы за скидки;DU-05C-1;1427578058;Эрл грей зеленый 1 кг с бергамотом;1;3 275,00 ?;05.01.2026;Ozon;FBS;0%;;;1 181,90
15186171-0258-1;15.01.2026;Вознаграждение Ozon;Вознаграждение за продажу;DU-05C-1;1427578058;Эрл грей зеленый 1 кг с бергамотом;1;3 275,00 ?;05.01.2026;Ozon;FBS;35%;;;-1 146,25 ?
15186171-0258-1;15.01.2026;Услуги партнёров;Обработка отправления Drop-off партнёрами (АПВЗ);DU-05C-1;1427578058;Эрл грей зеленый 1 кг с бергамотом;1;3 275,00 ?;05.01.2026;Ozon;FBS;35%;;;-20,00 ?
15186171-0258-1;15.01.2026;Услуги партнёров;Доставка до места выдачи;DU-05C-1;1427578058;Эрл грей зеленый 1 кг с бергамотом;1;3 275,00 ?;05.01.2026;Ozon;FBS;35%;;;-12,67 ?
15186171-0258-1;15.01.2026;Другие услуги и штрафы;Обработка операционных ошибок продавца: отгрузка в нерекомендованный слот;;;;0;0,00 ?;05.01.2026;;;0%;;;-100,00 ?
67583879-0759-10;15.01.2026;Услуги доставки;Обработка отправления Drop-off (ПВЗ);DU-22B;1424160604;Каркаде 500 гр чай из лепестков суданской розы (гибискус);1;1 370,00 ?;31.12.2025;Ozon;FBS;35%;;;-10,00 ?
67583879-0759-10;15.01.2026;Услуги доставки;Логистика;DU-22B;1424160604;Каркаде 500 гр чай из лепестков суданской розы (гибискус);1;1 370,00 ?;31.12.2025;Ozon;FBS;35%;;;-117,94 ?
67583879-0759-10;15.01.2026;Продажи;Выручка;DU-22B;1424160604;Каркаде 500 гр чай из лепестков суданской розы (гибискус);1;1 370,00 ?;31.12.2025;Ozon;FBS;0%;;;794,48 ?
67583879-0759-10;15.01.2026;Продажи;Программы партнёров;DU-22B;1424160604;Каркаде 500 гр чай из лепестков суданской розы (гибискус);1;1 370,00 ?;31.12.2025;Ozon;FBS;0%;;;7,94 ?
67583879-0759-10;15.01.2026;Продажи;Баллы за скидки;DU-22B;1424160604;Каркаде 500 гр чай из лепестков суданской розы (гибискус);1;1 370,00 ?;31.12.2025;Ozon;FBS;0%;;;567,58
67583879-0759-10;15.01.2026;Вознаграждение Ozon;Вознаграждение за продажу;DU-22B;1424160604;Каркаде 500 гр чай из лепестков суданской розы (гибискус);1;1 370,00 ?;31.12.2025;Ozon;FBS;35%;;;-479,50 ?
67583879-0759-10;15.01.2026;Услуги партнёров;Обработка отправления Drop-off партнёрами (АПВЗ);DU-22B;1424160604;Каркаде 500 гр чай из лепестков суданской розы (гибискус);1;1 370,00 ?;31.12.2025;Ozon;FBS;35%;;;-20,00 ?
67583879-0759-10;15.01.2026;Услуги партнёров;Доставка до места выдачи;DU-22B;1424160604;Каркаде 500 гр чай из лепестков суданской розы (гибискус);1;1 370,00 ?;31.12.2025;Ozon;FBS;35%;;;-10,12 ?
67583879-0759-10;15.01.2026;Другие услуги и штрафы;Обработка операционных ошибок продавца: отгрузка в нерекомендованный слот;;;;0;0,00 ?;31.12.2025;;;0%;;;-50,00 ?
19822834-0744-1;16.01.2026;Другие услуги и штрафы;Обработка операционных ошибок продавца: отгрузка в нерекомендованный слот;;;;0;0,00 ?;09.01.2026;;;0%;;;-100,00 ?
19822834-0744-1;16.01.2026;Услуги доставки;Обработка отправления Drop-off (ПВЗ);DU-23F;1434275615;Ройбуш Крем-карамель 500 гр;1;2 201,00 ?;09.01.2026;Ozon;FBS;35%;;;-10,00 ?
19822834-0744-1;16.01.2026;Услуги доставки;Логистика;DU-23F;1434275615;Ройбуш Крем-карамель 500 гр;1;2 201,00 ?;09.01.2026;Ozon;FBS;35%;;;-99,64 ?
19822834-0744-1;16.01.2026;Продажи;Выручка;DU-23F;1434275615;Ройбуш Крем-карамель 500 гр;1;2 201,00 ?;09.01.2026;Ozon;FBS;0%;;;1 479,05 ?
19822834-0744-1;16.01.2026;Продажи;Программы партнёров;DU-23F;1434275615;Ройбуш Крем-карамель 500 гр;1;2 201,00 ?;09.01.2026;Ozon;FBS;0%;;;14,79 ?
19822834-0744-1;16.01.2026;Продажи;Баллы за скидки;DU-23F;1434275615;Ройбуш Крем-карамель 500 гр;1;2 201,00 ?;09.01.2026;Ozon;FBS;0%;;;707,16
19822834-0744-1;16.01.2026;Вознаграждение Ozon;Вознаграждение за продажу;DU-23F;1434275615;Ройбуш Крем-карамель 500 гр;1;2 201,00 ?;09.01.2026;Ozon;FBS;35%;;;-770,35 ?
19822834-0744-1;16.01.2026;Услуги партнёров;Обработка отправления Drop-off партнёрами (АПВЗ);DU-23F;1434275615;Ройбуш Крем-карамель 500 гр;1;2 201,00 ?;09.01.2026;Ozon;FBS;35%;;;-20,00 ?
19822834-0744-1;16.01.2026;Услуги партнёров;Доставка до места выдачи;DU-23F;1434275615;Ройбуш Крем-карамель 500 гр;1;2 201,00 ?;09.01.2026;Ozon;FBS;35%;;;-25,00 ?
25857756398;16.01.2026;Услуги партнёров;Временное размещение товара партнерами;DU-42C;1429362371;Чай зеленый листовой Зеленый кактус 500 г, Душистый уголок. Крупнолистовой чай с лепестками кактуса, карамелью и дыней, рассыпной.;1;0,00 ?;16.01.2026;;;0%;;;-84,00 ?
63350396-0350-2;16.01.2026;Услуги доставки;Обработка отправления Drop-off (ПВЗ);DU-22B;1424160604;Каркаде 500 гр чай из лепестков суданской розы (гибискус);1;1 370,00 ?;08.01.2026;Ozon;FBS;35%;;;-10,00 ?
63350396-0350-2;16.01.2026;Услуги доставки;Логистика;DU-22B;1424160604;Каркаде 500 гр чай из лепестков суданской розы (гибискус);1;1 370,00 ?;08.01.2026;Ozon;FBS;35%;;;-117,94 ?
63350396-0350-2;16.01.2026;Продажи;Выручка;DU-22B;1424160604;Каркаде 500 гр чай из лепестков суданской розы (гибискус);1;1 370,00 ?;08.01.2026;Ozon;FBS;0%;;;849,22 ?
63350396-0350-2;16.01.2026;Продажи;Программы партнёров;DU-22B;1424160604;Каркаде 500 гр чай из лепестков суданской розы (гибискус);1;1 370,00 ?;08.01.2026;Ozon;FBS;0%;;;8,49 ?
63350396-0350-2;16.01.2026;Продажи;Баллы за скидки;DU-22B;1424160604;Каркаде 500 гр чай из лепестков суданской розы (гибискус);1;1 370,00 ?;08.01.2026;Ozon;FBS;0%;;;512,29
63350396-0350-2;16.01.2026;Вознаграждение Ozon;Вознаграждение за продажу;DU-22B;1424160604;Каркаде 500 гр чай из лепестков суданской розы (гибискус);1;1 370,00 ?;08.01.2026;Ozon;FBS;35%;;;-479,50 ?
63350396-0350-2;16.01.2026;Услуги партнёров;Обработка отправления Drop-off партнёрами (АПВЗ);DU-22B;1424160604;Каркаде 500 гр чай из лепестков суданской розы (гибискус);1;1 370,00 ?;08.01.2026;Ozon;FBS;35%;;;-20,00 ?
63350396-0350-2;16.01.2026;Услуги партнёров;Доставка до места выдачи;DU-22B;1424160604;Каркаде 500 гр чай из лепестков суданской розы (гибискус);1;1 370,00 ?;08.01.2026;Ozon;FBS;35%;;;-6,68 ?
63350396-0350-2;16.01.2026;Другие услуги и штрафы;Обработка операционных ошибок продавца: отгрузка в нерекомендованный слот;;;;0;0,00 ?;08.01.2026;;;0%;;;-100,00 ?
57279769-0272-1;17.01.2026;Услуги доставки;Обработка отправления Drop-off (ПВЗ);DU-42C-1;1429370337;Зеленый кактус 1 кг зеленый чай с лепестками кактуса и натуральным карамельно-дынным ароматом;1;4 400,00 ?;04.01.2026;Ozon;FBS;35%;;;-10,00 ?
57279769-0272-1;17.01.2026;Услуги доставки;Логистика;DU-42C-1;1429370337;Зеленый кактус 1 кг зеленый чай с лепестками кактуса и натуральным карамельно-дынным ароматом;1;4 400,00 ?;04.01.2026;Ozon;FBS;35%;;;-141,33 ?
57279769-0272-1;17.01.2026;Продажи;Выручка;DU-42C-1;1429370337;Зеленый кактус 1 кг зеленый чай с лепестками кактуса и натуральным карамельно-дынным ароматом;1;4 400,00 ?;04.01.2026;Ozon;FBS;0%;;;2 888,57 ?
57279769-0272-1;17.01.2026;Продажи;Программы партнёров;DU-42C-1;1429370337;Зеленый кактус 1 кг зеленый чай с лепестками кактуса и натуральным карамельно-дынным ароматом;1;4 400,00 ?;04.01.2026;Ozon;FBS;0%;;;28,89 ?
57279769-0272-1;17.01.2026;Продажи;Баллы за скидки;DU-42C-1;1429370337;Зеленый кактус 1 кг зеленый чай с лепестками кактуса и натуральным карамельно-дынным ароматом;1;4 400,00 ?;04.01.2026;Ozon;FBS;0%;;;1 482,54
57279769-0272-1;17.01.2026;Вознаграждение Ozon;Вознаграждение за продажу;DU-42C-1;1429370337;Зеленый кактус 1 кг зеленый чай с лепестками кактуса и натуральным карамельно-дынным ароматом;1;4 400,00 ?;04.01.2026;Ozon;FBS;35%;;;-1 540,00 ?
57279769-0272-1;17.01.2026;Услуги партнёров;Обработка отправления Drop-off партнёрами (АПВЗ);DU-42C-1;1429370337;Зеленый кактус 1 кг зеленый чай с лепестками кактуса и натуральным карамельно-дынным ароматом;1;4 400,00 ?;04.01.2026;Ozon;FBS;35%;;;-20,00 ?
57279769-0272-1;17.01.2026;Услуги партнёров;Доставка до места выдачи;DU-42C-1;1429370337;Зеленый кактус 1 кг зеленый чай с лепестками кактуса и натуральным карамельно-дынным ароматом;1;4 400,00 ?;04.01.2026;Ozon;FBS;35%;;;-25,00 ?
57279769-0272-1;17.01.2026;Другие услуги и штрафы;Обработка операционных ошибок продавца: отгрузка в нерекомендованный слот;;;;0;0,00 ?;04.01.2026;;;0%;;;-100,00 ?
0180050335-0017;20.01.2026;Услуги партнёров;Эквайринг;DU-05H;1408107449;Юннань FOP чёрный чай 500 гр;1;0,00 ?;20.01.2026;;;0%;;;-11,09 ?
11225534-0119-1;23.01.2026;Услуги доставки;Обработка отправления Drop-off (ПВЗ);DU-22B;1424160604;Каркаде 500 гр чай из лепестков суданской розы (гибискус);1;1 370,00 ?;13.01.2026;Ozon;FBS;35%;;;-10,00 ?
11225534-0119-1;23.01.2026;Услуги доставки;Логистика;DU-22B;1424160604;Каркаде 500 гр чай из лепестков суданской розы (гибискус);1;1 370,00 ?;13.01.2026;Ozon;FBS;35%;;;-117,94 ?
11225534-0119-1;23.01.2026;Продажи;Выручка;DU-22B;1424160604;Каркаде 500 гр чай из лепестков суданской розы (гибискус);1;1 370,00 ?;13.01.2026;Ozon;FBS;0%;;;806,60 ?
11225534-0119-1;23.01.2026;Продажи;Программы партнёров;DU-22B;1424160604;Каркаде 500 гр чай из лепестков суданской розы (гибискус);1;1 370,00 ?;13.01.2026;Ozon;FBS;0%;;;8,07 ?
11225534-0119-1;23.01.2026;Продажи;Баллы за скидки;DU-22B;1424160604;Каркаде 500 гр чай из лепестков суданской розы (гибискус);1;1 370,00 ?;13.01.2026;Ozon;FBS;0%;;;555,33
11225534-0119-1;23.01.2026;Вознаграждение Ozon;Вознаграждение за продажу;DU-22B;1424160604;Каркаде 500 гр чай из лепестков суданской розы (гибискус);1;1 370,00 ?;13.01.2026;Ozon;FBS;35%;;;-479,50 ?
11225534-0119-1;23.01.2026;Услуги партнёров;Обработка отправления Drop-off партнёрами (АПВЗ);DU-22B;1424160604;Каркаде 500 гр чай из лепестков суданской розы (гибискус);1;1 370,00 ?;13.01.2026;Ozon;FBS;35%;;;-20,00 ?
11225534-0119-1;23.01.2026;Услуги партнёров;Доставка до места выдачи;DU-22B;1424160604;Каркаде 500 гр чай из лепестков суданской розы (гибискус);1;1 370,00 ?;13.01.2026;Ozon;FBS;35%;;;-7,59 ?
11225534-0119-1;23.01.2026;Другие услуги и штрафы;Обработка операционных ошибок продавца: отгрузка в нерекомендованный слот;;;;0;0,00 ?;13.01.2026;;;0%;;;-100,00 ?
0180050335-0017-1;25.01.2026;Услуги доставки;Обработка отправления Drop-off (ПВЗ);DU-05H;1408107449;Юннань FOP чёрный чай 500 гр;1;2 240,00 ?;20.01.2026;Ozon;FBS;35%;;;-10,00 ?
0180050335-0017-1;25.01.2026;Услуги доставки;Логистика;DU-05H;1408107449;Юннань FOP чёрный чай 500 гр;1;2 240,00 ?;20.01.2026;Ozon;FBS;35%;;;-117,94 ?
0180050335-0017-1;25.01.2026;Продажи;Выручка;DU-05H;1408107449;Юннань FOP чёрный чай 500 гр;1;2 240,00 ?;20.01.2026;Ozon;FBS;0%;;;1 655,24 ?
0180050335-0017-1;25.01.2026;Продажи;Программы партнёров;DU-05H;1408107449;Юннань FOP чёрный чай 500 гр;1;2 240,00 ?;20.01.2026;Ozon;FBS;0%;;;0,00 ?
0180050335-0017-1;25.01.2026;Продажи;Баллы за скидки;DU-05H;1408107449;Юннань FOP чёрный чай 500 гр;1;2 240,00 ?;20.01.2026;Ozon;FBS;0%;;;584,76
0180050335-0017-1;25.01.2026;Вознаграждение Ozon;Вознаграждение за продажу;DU-05H;1408107449;Юннань FOP чёрный чай 500 гр;1;2 240,00 ?;20.01.2026;Ozon;FBS;35%;;;-784,00 ?
0180050335-0017-1;25.01.2026;Услуги партнёров;Обработка отправления Drop-off партнёрами (АПВЗ);DU-05H;1408107449;Юннань FOP чёрный чай 500 гр;1;2 240,00 ?;20.01.2026;Ozon;FBS;35%;;;-20,00 ?
0180050335-0017-1;25.01.2026;Услуги партнёров;Доставка до места выдачи;DU-05H;1408107449;Юннань FOP чёрный чай 500 гр;1;2 240,00 ?;20.01.2026;Ozon;FBS;35%;;;-16,25 ?
0180050335-0017-1;25.01.2026;Другие услуги и штрафы;Обработка операционных ошибок продавца: отгрузка в нерекомендованный слот;;;;0;0,00 ?;20.01.2026;;;0%;;;-50,00 ?
25857756398;29.01.2026;Другие услуги и штрафы;Утилизация товара: Вы не забрали в срок;DU-42C;1429362371;Чай зеленый листовой Зеленый кактус 500 г, Душистый уголок. Крупнолистовой чай с лепестками кактуса, карамелью и дыней, рассыпной.;1;0,00 ?;29.01.2026;;;0%;;;-75,00 ?
35599387-0170;04.02.2026;Услуги партнёров;Эквайринг;DU-42C;1429362371;Чай зеленый листовой Зеленый кактус 500 г, Душистый уголок. Крупнолистовой чай с лепестками кактуса, карамелью и дыней, рассыпной.;1;0,00 ?;04.02.2026;;;0%;;;-35,90 ?
58015673-1820;06.02.2026;Услуги партнёров;Эквайринг;DU-40A;1422564905;Сказки Шахерезады 500 гр смесь чёрного и зелёного чая с лепестками цветов и натуральным ароматом маракуйи и клубники;1;0,00 ?;06.02.2026;;;0%;;;-23,32 ?
35599387-0170-2;10.02.2026;Другие услуги и штрафы;Обработка операционных ошибок продавца: отгрузка в нерекомендованный слот;;;;0;0,00 ?;04.02.2026;;;0%;;;-50,00 ?
35599387-0170-2;10.02.2026;Услуги доставки;Обработка отправления Drop-off (ПВЗ);DU-42C;1429362371;Чай зеленый листовой Зеленый кактус 500 г, Душистый уголок. Крупнолистовой чай с лепестками кактуса, карамелью и дыней, рассыпной.;1;2 742,00 ?;04.02.2026;Ozon;FBS;35%;;;-10,00 ?
35599387-0170-2;10.02.2026;Услуги доставки;Логистика;DU-42C;1429362371;Чай зеленый листовой Зеленый кактус 500 г, Душистый уголок. Крупнолистовой чай с лепестками кактуса, карамелью и дыней, рассыпной.;1;2 742,00 ?;04.02.2026;Ozon;FBS;35%;;;-99,64 ?
35599387-0170-2;10.02.2026;Продажи;Выручка;DU-42C;1429362371;Чай зеленый листовой Зеленый кактус 500 г, Душистый уголок. Крупнолистовой чай с лепестками кактуса, карамелью и дыней, рассыпной.;1;2 742,00 ?;04.02.2026;Ozon;FBS;0%;;;1 889,73 ?
35599387-0170-2;10.02.2026;Продажи;Программы партнёров;DU-42C;1429362371;Чай зеленый листовой Зеленый кактус 500 г, Душистый уголок. Крупнолистовой чай с лепестками кактуса, карамелью и дыней, рассыпной.;1;2 742,00 ?;04.02.2026;Ozon;FBS;0%;;;18,90 ?
35599387-0170-2;10.02.2026;Продажи;Баллы за скидки;DU-42C;1429362371;Чай зеленый листовой Зеленый кактус 500 г, Душистый уголок. Крупнолистовой чай с лепестками кактуса, карамелью и дыней, рассыпной.;1;2 742,00 ?;04.02.2026;Ozon;FBS;0%;;;833,37
35599387-0170-2;10.02.2026;Вознаграждение Ozon;Вознаграждение за продажу;DU-42C;1429362371;Чай зеленый листовой Зеленый кактус 500 г, Душистый уголок. Крупнолистовой чай с лепестками кактуса, карамелью и дыней, рассыпной.;1;2 742,00 ?;04.02.2026;Ozon;FBS;35%;;;-959,70 ?
35599387-0170-2;10.02.2026;Услуги партнёров;Обработка отправления Drop-off партнёрами (АПВЗ);DU-42C;1429362371;Чай зеленый листовой Зеленый кактус 500 г, Душистый уголок. Крупнолистовой чай с лепестками кактуса, карамелью и дыней, рассыпной.;1;2 742,00 ?;04.02.2026;Ozon;FBS;35%;;;-20,00 ?
35599387-0170-2;10.02.2026;Услуги партнёров;Доставка до места выдачи;DU-42C;1429362371;Чай зеленый листовой Зеленый кактус 500 г, Душистый уголок. Крупнолистовой чай с лепестками кактуса, карамелью и дыней, рассыпной.;1;2 742,00 ?;04.02.2026;Ozon;FBS;35%;;;-14,53 ?
0105894418-0244;15.02.2026;Услуги партнёров;Эквайринг;DU-02G-1;1433929789;Порох Храм неба 1 кг зеленый чай;1;0,00 ?;15.02.2026;;;0%;;;-39,28 ?
58015673-1820-1;17.02.2026;Другие услуги и штрафы;Обработка операционных ошибок продавца: отгрузка в нерекомендованный слот;;;;0;0,00 ?;06.02.2026;;;0%;;;-100,00 ?
58015673-1820-1;17.02.2026;Услуги доставки;Обработка отправления Drop-off (ПВЗ);DU-40A;1422564905;Сказки Шахерезады 500 гр смесь чёрного и зелёного чая с лепестками цветов и натуральным ароматом маракуйи и клубники;1;1 769,00 ?;06.02.2026;Ozon;FBS;35%;;;-10,00 ?
58015673-1820-1;17.02.2026;Услуги доставки;Логистика;DU-40A;1422564905;Сказки Шахерезады 500 гр смесь чёрного и зелёного чая с лепестками цветов и натуральным ароматом маракуйи и клубники;1;1 769,00 ?;06.02.2026;Ozon;FBS;35%;;;-99,64 ?
58015673-1820-1;17.02.2026;Продажи;Выручка;DU-40A;1422564905;Сказки Шахерезады 500 гр смесь чёрного и зелёного чая с лепестками цветов и натуральным ароматом маракуйи и клубники;1;1 769,00 ?;06.02.2026;Ozon;FBS;0%;;;1 227,40 ?
58015673-1820-1;17.02.2026;Продажи;Программы партнёров;DU-40A;1422564905;Сказки Шахерезады 500 гр смесь чёрного и зелёного чая с лепестками цветов и натуральным ароматом маракуйи и клубники;1;1 769,00 ?;06.02.2026;Ozon;FBS;0%;;;12,27 ?
58015673-1820-1;17.02.2026;Продажи;Баллы за скидки;DU-40A;1422564905;Сказки Шахерезады 500 гр смесь чёрного и зелёного чая с лепестками цветов и натуральным ароматом маракуйи и клубники;1;1 769,00 ?;06.02.2026;Ozon;FBS;0%;;;529,33
58015673-1820-1;17.02.2026;Вознаграждение Ozon;Вознаграждение за продажу;DU-40A;1422564905;Сказки Шахерезады 500 гр смесь чёрного и зелёного чая с лепестками цветов и натуральным ароматом маракуйи и клубники;1;1 769,00 ?;06.02.2026;Ozon;FBS;35%;;;-619,15 ?
58015673-1820-1;17.02.2026;Услуги партнёров;Обработка отправления Drop-off партнёрами (АПВЗ);DU-40A;1422564905;Сказки Шахерезады 500 гр смесь чёрного и зелёного чая с лепестками цветов и натуральным ароматом маракуйи и клубники;1;1 769,00 ?;06.02.2026;Ozon;FBS;35%;;;-20,00 ?
58015673-1820-1;17.02.2026;Услуги партнёров;Доставка до места выдачи;DU-40A;1422564905;Сказки Шахерезады 500 гр смесь чёрного и зелёного чая с лепестками цветов и натуральным ароматом маракуйи и клубники;1;1 769,00 ?;06.02.2026;Ozon;FBS;35%;;;-25,00 ?
0105894418-0244-1;21.02.2026;Услуги доставки;Обработка отправления Drop-off (ПВЗ);DU-02G-1;1433929789;Порох Храм неба 1 кг зеленый чай;1;2 923,00 ?;15.02.2026;Ozon;FBS;35%;;;-10,00 ?
0105894418-0244-1;21.02.2026;Услуги доставки;Логистика;DU-02G-1;1433929789;Порох Храм неба 1 кг зеленый чай;1;2 923,00 ?;15.02.2026;Ozon;FBS;35%;;;-141,33 ?
0105894418-0244-1;21.02.2026;Продажи;Выручка;DU-02G-1;1433929789;Порох Храм неба 1 кг зеленый чай;1;2 923,00 ?;15.02.2026;Ozon;FBS;0%;;;2 067,62 ?
0105894418-0244-1;21.02.2026;Продажи;Программы партнёров;DU-02G-1;1433929789;Порох Храм неба 1 кг зеленый чай;1;2 923,00 ?;15.02.2026;Ozon;FBS;0%;;;20,68 ?
0105894418-0244-1;21.02.2026;Продажи;Баллы за скидки;DU-02G-1;1433929789;Порох Храм неба 1 кг зеленый чай;1;2 923,00 ?;15.02.2026;Ozon;FBS;0%;;;834,70
0105894418-0244-1;21.02.2026;Вознаграждение Ozon;Вознаграждение за продажу;DU-02G-1;1433929789;Порох Храм неба 1 кг зеленый чай;1;2 923,00 ?;15.02.2026;Ozon;FBS;35%;;;-1 023,05 ?
0105894418-0244-1;21.02.2026;Услуги партнёров;Обработка отправления Drop-off партнёрами (АПВЗ);DU-02G-1;1433929789;Порох Храм неба 1 кг зеленый чай;1;2 923,00 ?;15.02.2026;Ozon;FBS;35%;;;-20,00 ?
0105894418-0244-1;21.02.2026;Услуги партнёров;Доставка до места выдачи;DU-02G-1;1433929789;Порох Храм неба 1 кг зеленый чай;1;2 923,00 ?;15.02.2026;Ozon;FBS;35%;;;-14,25 ?
08646847-0197-1;04.03.2026;Услуги доставки;Обработка отправления Drop-off (ПВЗ);DU-23F;1434275615;Ройбуш Крем-карамель 500 гр;1;1 870,00 ?;19.02.2026;Ozon;FBS;35%;;;-10,00 ?
08646847-0197-1;04.03.2026;Услуги доставки;Логистика;DU-23F;1434275615;Ройбуш Крем-карамель 500 гр;1;1 870,00 ?;19.02.2026;Ozon;FBS;35%;;;-99,64 ?
08646847-0197-1;04.03.2026;Продажи;Выручка;DU-23F;1434275615;Ройбуш Крем-карамель 500 гр;1;1 870,00 ?;19.02.2026;Ozon;FBS;0%;;;1 187,32 ?
08646847-0197-1;04.03.2026;Продажи;Программы партнёров;DU-23F;1434275615;Ройбуш Крем-карамель 500 гр;1;1 870,00 ?;19.02.2026;Ozon;FBS;0%;;;11,87 ?
08646847-0197-1;04.03.2026;Продажи;Баллы за скидки;DU-23F;1434275615;Ройбуш Крем-карамель 500 гр;1;1 870,00 ?;19.02.2026;Ozon;FBS;0%;;;670,81
08646847-0197-1;04.03.2026;Вознаграждение Ozon;Вознаграждение за продажу;DU-23F;1434275615;Ройбуш Крем-карамель 500 гр;1;1 870,00 ?;19.02.2026;Ozon;FBS;35%;;;-654,50 ?
08646847-0197-1;04.03.2026;Услуги партнёров;Обработка отправления Drop-off партнёрами (АПВЗ);DU-23F;1434275615;Ройбуш Крем-карамель 500 гр;1;1 870,00 ?;19.02.2026;Ozon;FBS;35%;;;-20,00 ?
08646847-0197-1;04.03.2026;Услуги партнёров;Доставка до места выдачи;DU-23F;1434275615;Ройбуш Крем-карамель 500 гр;1;1 870,00 ?;19.02.2026;Ozon;FBS;35%;;;-10,35 ?
08646847-0197-1;04.03.2026;Другие услуги и штрафы;Отгрузка в нерекомендованный слот;;;;0;0,00 ?;19.02.2026;;;0%;;;-50,00 ?
08646847-0197-1;04.03.2026;Услуги партнёров;Эквайринг;DU-23F;1434275615;Ройбуш Крем-карамель 500 гр;1;0,00 ?;19.02.2026;;;0%;;;-22,56 ?
49150146-0598;10.03.2026;Услуги партнёров;Эквайринг;DU-05H;1408107449;Юннань FOP чёрный чай 500 гр;1;0,00 ?;10.03.2026;;;0%;;;-14,64 ?
19822834-0797-1;12.03.2026;Услуги доставки;Обработка отправления Drop-off (ПВЗ);DU-23F;1434275615;Ройбуш Крем-карамель 500 гр;1;1 846,00 ?;09.03.2026;Ozon;FBS;35%;;;-10,00 ?
19822834-0797-1;12.03.2026;Услуги доставки;Логистика;DU-23F;1434275615;Ройбуш Крем-карамель 500 гр;1;1 846,00 ?;09.03.2026;Ozon;FBS;35%;;;-99,64 ?
19822834-0797-1;12.03.2026;Продажи;Выручка;DU-23F;1434275615;Ройбуш Крем-карамель 500 гр;1;1 846,00 ?;09.03.2026;Ozon;FBS;0%;;;1 340,30 ?
19822834-0797-1;12.03.2026;Продажи;Программы партнёров;DU-23F;1434275615;Ройбуш Крем-карамель 500 гр;1;1 846,00 ?;09.03.2026;Ozon;FBS;0%;;;0,00 ?
19822834-0797-1;12.03.2026;Продажи;Баллы за скидки;DU-23F;1434275615;Ройбуш Крем-карамель 500 гр;1;1 846,00 ?;09.03.2026;Ozon;FBS;0%;;;505,70
19822834-0797-1;12.03.2026;Вознаграждение Ozon;Вознаграждение за продажу;DU-23F;1434275615;Ройбуш Крем-карамель 500 гр;1;1 846,00 ?;09.03.2026;Ozon;FBS;35%;;;-646,10 ?
19822834-0797-1;12.03.2026;Услуги партнёров;Обработка отправления Drop-off партнёрами (АПВЗ);DU-23F;1434275615;Ройбуш Крем-карамель 500 гр;1;1 846,00 ?;09.03.2026;Ozon;FBS;35%;;;-20,00 ?
19822834-0797-1;12.03.2026;Услуги партнёров;Доставка до места выдачи;DU-23F;1434275615;Ройбуш Крем-карамель 500 гр;1;1 846,00 ?;09.03.2026;Ozon;FBS;35%;;;-14,45 ?
19822834-0797-1;12.03.2026;Другие услуги и штрафы;Отгрузка в нерекомендованный слот;;;;0;0,00 ?;09.03.2026;;;0%;;;-50,00 ?
19822834-0797-1;12.03.2026;Услуги партнёров;Эквайринг;DU-23F;1434275615;Ройбуш Крем-карамель 500 гр;1;0,00 ?;09.03.2026;;;0%;;;-7,10 ?
49150146-0598-2;12.03.2026;Услуги доставки;Обработка отправления Drop-off (ПВЗ);DU-05H;1408107449;Юннань FOP чёрный чай 500 гр;1;1 835,00 ?;10.03.2026;Ozon;FBS;35%;;;-10,00 ?
49150146-0598-2;12.03.2026;Услуги доставки;Логистика;DU-05H;1408107449;Юннань FOP чёрный чай 500 гр;1;1 835,00 ?;10.03.2026;Ozon;FBS;35%;;;-117,94 ?
49150146-0598-2;12.03.2026;Продажи;Выручка;DU-05H;1408107449;Юннань FOP чёрный чай 500 гр;1;1 835,00 ?;10.03.2026;Ozon;FBS;0%;;;1 273,07 ?
49150146-0598-2;12.03.2026;Продажи;Программы партнёров;DU-05H;1408107449;Юннань FOP чёрный чай 500 гр;1;1 835,00 ?;10.03.2026;Ozon;FBS;0%;;;0,00 ?
49150146-0598-2;12.03.2026;Продажи;Баллы за скидки;DU-05H;1408107449;Юннань FOP чёрный чай 500 гр;1;1 835,00 ?;10.03.2026;Ozon;FBS;0%;;;561,93
49150146-0598-2;12.03.2026;Вознаграждение Ozon;Вознаграждение за продажу;DU-05H;1408107449;Юннань FOP чёрный чай 500 гр;1;1 835,00 ?;10.03.2026;Ozon;FBS;35%;;;-642,25 ?
49150146-0598-2;12.03.2026;Услуги партнёров;Обработка отправления Drop-off партнёрами (АПВЗ);DU-05H;1408107449;Юннань FOP чёрный чай 500 гр;1;1 835,00 ?;10.03.2026;Ozon;FBS;35%;;;-20,00 ?
49150146-0598-2;12.03.2026;Услуги партнёров;Доставка до места выдачи;DU-05H;1408107449;Юннань FOP чёрный чай 500 гр;1;1 835,00 ?;10.03.2026;Ozon;FBS;35%;;;-10,01 ?
41512031-0613-2;14.03.2026;Услуги доставки;Обработка отправления Drop-off (ПВЗ);DU-64A-1;1419660013;Трюфель 1 кг чёрный чай с натуральным ароматом трюфеля, белым шоколадом и орешками макадамии;1;4 300,00 ?;09.03.2026;Ozon;FBS;35%;;;-10,00 ?
41512031-0613-2;14.03.2026;Услуги доставки;Логистика;DU-64A-1;1419660013;Трюфель 1 кг чёрный чай с натуральным ароматом трюфеля, белым шоколадом и орешками макадамии;1;4 300,00 ?;09.03.2026;Ozon;FBS;35%;;;-164,72 ?
41512031-0613-2;14.03.2026;Продажи;Выручка;DU-64A-1;1419660013;Трюфель 1 кг чёрный чай с натуральным ароматом трюфеля, белым шоколадом и орешками макадамии;1;4 300,00 ?;09.03.2026;Ozon;FBS;0%;;;3 044,76 ?
41512031-0613-2;14.03.2026;Продажи;Программы партнёров;DU-64A-1;1419660013;Трюфель 1 кг чёрный чай с натуральным ароматом трюфеля, белым шоколадом и орешками макадамии;1;4 300,00 ?;09.03.2026;Ozon;FBS;0%;;;30,45 ?
41512031-0613-2;14.03.2026;Продажи;Баллы за скидки;DU-64A-1;1419660013;Трюфель 1 кг чёрный чай с натуральным ароматом трюфеля, белым шоколадом и орешками макадамии;1;4 300,00 ?;09.03.2026;Ozon;FBS;0%;;;1 224,79
41512031-0613-2;14.03.2026;Вознаграждение Ozon;Вознаграждение за продажу;DU-64A-1;1419660013;Трюфель 1 кг чёрный чай с натуральным ароматом трюфеля, белым шоколадом и орешками макадамии;1;4 300,00 ?;09.03.2026;Ozon;FBS;35%;;;-1 505,00 ?
41512031-0613-2;14.03.2026;Услуги партнёров;Обработка отправления Drop-off партнёрами (АПВЗ);DU-64A-1;1419660013;Трюфель 1 кг чёрный чай с натуральным ароматом трюфеля, белым шоколадом и орешками макадамии;1;4 300,00 ?;09.03.2026;Ozon;FBS;35%;;;-20,00 ?
41512031-0613-2;14.03.2026;Услуги партнёров;Доставка до места выдачи;DU-64A-1;1419660013;Трюфель 1 кг чёрный чай с натуральным ароматом трюфеля, белым шоколадом и орешками макадамии;1;4 300,00 ?;09.03.2026;Ozon;FBS;35%;;;-14,46 ?
41512031-0613-2;14.03.2026;Другие услуги и штрафы;Отгрузка в нерекомендованный слот;;;;0;0,00 ?;09.03.2026;;;0%;;;-50,00 ?
41512031-0613-2;14.03.2026;Услуги партнёров;Эквайринг;DU-64A-1;1419660013;Трюфель 1 кг чёрный чай с натуральным ароматом трюфеля, белым шоколадом и орешками макадамии;1;0,00 ?;09.03.2026;;;0%;;;-57,85 ?
0203484886-0009;16.03.2026;Услуги партнёров;Эквайринг;DU-64A-1;1419660013;Трюфель 1 кг чёрный чай с натуральным ароматом трюфеля, белым шоколадом и орешками макадамии;1;0,00 ?;16.03.2026;;;0%;;;-17,32 ?
